http_req_duration (ms),response_time (ms),vus (users),success_rate (%),http_reqs (req/sec),cpu_usage (%),memory_usage (%)
2076.1569999999997,2078.7739753723145,1,100,1,21.4,86.6
2056.037,2059.5855712890625,1,100,1,35.7,86.4
2050.31,2051.8903732299805,1,100,1,35.7,86.7
2035.7980000000002,2037.2710227966309,1,100,1,87.5,87.3
2040.353,2042.5984859466553,1,100,1,30.8,85.9
2043.094,2046.5154647827148,1,100,1,68.0,86.0
2050.325,2052.9894828796387,1,100,1,33.3,85.4
2051.029,2060.1987838745117,1,100,1,33.3,85.5
